scientific_name,common_name,family,growth_habit,native_status,flower_color,bloom_period,notes,habitat_value,associated_wildlife,water_needs,soil_type,plant_communities,catalog_source
Abutilon palmeri,Indian Mallow,Malvaceae,Shrub (evergreen),CA Native,Orange,Spring,,Pollinator,Birds,None,Sand;Loam,,"SF Plant Finder (DataSF, CC)"
Acacia cognata 'Cousin Itt',Bower Wattle,Mimosaceae,Shrub (evergreen),Exotic,Yellow,Spring,,,,Low,,,"SF Plant Finder (DataSF, CC)"
Acer circinatum,Vine maple tree,Sapindaceae,Tree (evergreen),CA Native,White;Red;Green;Purple,Spring,,Cover;Nesting,Birds,Moderate,Loam,Riparian;Wetland;Woodland,"SF Plant Finder (DataSF, CC)"
Acer macrophyllum,Bigleaf Maple,Sapindaceae,Tree (deciduous),CA Native,Orange;Red;Yellow,Spring,Provides shelter for wildlife,Pollinator;Nesting,Bees;Birds;Butterflies,Moderate,Clay;Loam;Sand;Rock,Riparian,"SF Plant Finder (DataSF, CC)"
Acer negundo,Box Elder,Sapindaceae,Tree (deciduous),SF Native,Pink,Spring,Withstands wind.,Buds/greens;Nesting,Bees;Birds;Butterflies;Insects,Moderate,Clay;Loam;Sand;Rock,Chaparral;Grassland/prairie;Riparian;Woodland,"SF Plant Finder (DataSF, CC)"
Adenanthos spp.,Woolly Bush,Proteaceae,Shrub (evergreen),Exotic,,,,,,Low,,,"SF Plant Finder (DataSF, CC)"
Aeonium spp.,Canary Island Rose,Crassulaceae,Shrub (evergreen),Exotic,,,,,,Low,,,"SF Plant Finder (DataSF, CC)"
Aesculus californica,California Buckeye,Sapindaceae,Tree (deciduous),SF Native,White;Pink,Summer,Recommended where there is space (ie: Palou Phelps park).  Attracts Western Tiger Swallowtail (Papilio rutulus) butterfly.,Pollinator,Bees;Birds;Butterflies;Hummingbirds;Insects,None,Clay;Loam;Sand;Rock,Riparian;Woodland,"SF Plant Finder (DataSF, CC)"
Afrocarpus falcatus,Fern Pine,Podocarpaceae,Tree (evergreen),Exotic,,,Slow rooter.,,,Low,,,"SF Plant Finder (DataSF, CC)"
Agave spp.,Agave,Agavaceae,Shrub (evergreen),CA Native,,,,,,None,,,"SF Plant Finder (DataSF, CC)"
Alnus rhombifolia,White Alder,Betulaceae,Tree (deciduous),CA Native,Yellow,Fall,Streamside plant.,Pollinator,Birds;Butterflies;Hummingbirds,Moderate,Clay;Loam;Sand;Rock,Riparian,"SF Plant Finder (DataSF, CC)"
Aloe spp.,Aloe,Aloeaceae,Shrub (evergreen),Exotic,,,,Pollinator,Birds,Low,,,"SF Plant Finder (DataSF, CC)"
Alyogyne  huegelii,Blue Hibiscus,Malvaceae,Shrub (evergreen),Exotic,Purple;Blue,Spring;Summer;Fall;Winter,,Pollinator,Birds,Low,,,"SF Plant Finder (DataSF, CC)"
Amelanchier spp.,Western Service Berry,Rosaceae,Shrub (deciduous),SF Native,bear,Summer,,Fruit;Pollinator,Bees;Birds;Butterflies;Insects,Low,Clay;Loam;Rock,Coastal Scrub,"SF Plant Finder (DataSF, CC)"
Arbutus 'Marina',Marina Strawberry Tree,Ericaceae,Tree (evergreen),Exotic,Pink,Fall;Winter,Fruit drop can range from low volume to significant. May be short lived; may need to be replanted in 20-25 years; pollinators.,,Birds; Butterflies,Low,,,"SF Plant Finder (DataSF, CC)"
Arbutus menziesii,Madrone,Ericaceae,Tree (evergreen),SF Native,White,Spring,Peeling red bark.,Cover;Fruit;Pollinator;Nesting,Bees;Birds;Butterflies;Hummingbirds,Low,Clay;Loam;Rock,Woodland,"SF Plant Finder (DataSF, CC)"
Arctostaphylos 'Emerald Carpet',Emerald Carpet,Ericaceae,Shrub (evergreen),CA Native,White,Spring;Winter,,,,None,Loam;Sand,,"SF Plant Finder (DataSF, CC)"
Arctostaphylos spp.,Manzanita,Ericaceae,Shrub (evergreen),CA Native,,,,Pollinator,Birds;Bees,Low,,,"SF Plant Finder (DataSF, CC)"
Arctostaphylos uva ursi 'Radiant',Radiant Bearberry,Ericaceae,Shrub (evergreen),CA Native,Pink,Spring;Winter,,Pollinator,Butterflies;Bees;Hummingbirds,None,Many,,"SF Plant Finder (DataSF, CC)"
Aristolochia californica,Dutchman's Pipevine,Aristolochiaceae,Vine,SF Native,Burgundy,Spring;Winter,Slow grower. Attracts Pipe Vine Swallowtail (Battus philenor).,Buds/greens;Cover;Pollinator,Butterflies;Insects,Low,Clay;Loam,Coastal scrub;Woodland,"SF Plant Finder (DataSF, CC)"
Artemisia californica,California Sagebrush,Asteraceae,Shrub (evergreen),SF Native,Yellow,Summer,Resilient and good visual. Attracts Nutall's White-Crowned Sparrow (Zonotrichia leucophrys nuttalli).,Cover;Nesting,Bees;Birds;Butterflies,None,Clay;Loam;Sand;Rock,Coastal scrub,"SF Plant Finder (DataSF, CC)"
Artemisia pycnocephala,Dune Sagewort,Asteraceae,Shrub (evergreen),SF Native,Yellow,Summer,"Excellent visually, but limited to coastal sand dunes.",Cover;Nesting,Bees,None,Clay;Loam;Sand;Rock,Dunes,"SF Plant Finder (DataSF, CC)"
Artemisia tridentata,Big Sagebrush,Asteraceae,Shrub (evergreen),CA Native,White,Summer,,,,None,Sand;Loam,,"SF Plant Finder (DataSF, CC)"
Baccharis pilularis,Coyotebrush,Asteraceae,Shrub (evergreen),SF Native,White,Fall,"Amazing for wildlife. Attracts Western fence lizard, Nutall's White-crowned Sparrow, Gray Hairstreak (Strymon melinus), and Common Buckeye (Junonia coeni).",Cover;Buds/greens;Pollinator;Nesting,Bees;Birds;Butterflies;Insects,None,Clay;Loam;Sand;Rock,Coastal scrub;Dunes,"SF Plant Finder (DataSF, CC)"
Baccharis pilularis 'Twin Peaks',Coyotebrush prostrate form,Asteraceae,Shrub (evergreen),SF Native,,,,Buds/greens;Pollinator;Nesting,Bees;Birds;Butterflies;Insects,None,Clay;Loam;Sand;Rock,Coastal scrub,"SF Plant Finder (DataSF, CC)"
Baccharis salicifolia,mule-fat,Asteraceae,Shrub (evergreen),CA Native,White,Spring;Summer;Fall;Winter,,Cover;Nesting,,Low,Clay;Loam;Sand,,"SF Plant Finder (DataSF, CC)"
Banksia spp.,Banksia,Proteaceae,Shrub (evergreen),Exotic,,,,Pollinator;Cover;Nesting,Birds,Low,,,"SF Plant Finder (DataSF, CC)"
Berberis aquifolium,barberry;Mountain grape,Berberidaceae,Shrub (evergreen),CA Native,Yellow,Spring;Winter,,Fruit,Bees,Low,Loam;Sand,Woodland,"SF Plant Finder (DataSF, CC)"
Berberis aquifolium repens,creeping Oregon grape,Berberidaceae,Shrub (evergreen),CA Native,Yellow,Spring,,Fruit,Bees,Low,Clay;Loam,Chaparral;Woodland,"SF Plant Finder (DataSF, CC)"
Berberis pinnata,Coast Barberry,Berberidaceae,Shrub (evergreen),SF Native,Yellow,Spring,Attracts Cedar Waxwing (Bombycilla cedrorum) bird.,Buds/greens;Pollinator,Bees;Birds,Low,Clay,Coastal scrub;Woodland,"SF Plant Finder (DataSF, CC)"
Berberis thunbergii,Japanese barberry,Berberidaceae,Shrub (deciduous),Exotic,Yellow,Spring,,Fruit,,Low,Loam;Sand,,"SF Plant Finder (DataSF, CC)"
Billardiera heterophylla,Australian Bluebell Creeper,Pittosporaceae,Shrub (evergreen),Exotic,Blue,Spring;Summer;Fall,,Pollinator,,None,Sand;Loam,,"SF Plant Finder (DataSF, CC)"
Bougainvillea spp.,Bougainvillea,Nyctaginaceae,Vine,Exotic,,,,Cover;Nesting,,Low,,,"SF Plant Finder (DataSF, CC)"
Bulbine frutescens,Stalked bulbine,Asphodelaceae,Shrub (evergreen),Exotic,Yellow,Spring;Summer,,,,Low,,,"SF Plant Finder (DataSF, CC)"
Calliandra eriophylla,Fairy Dustre,Fabaceae,Shrub (evergreen),CA Native,Pink,Spring;Winter,,Pollinator,Birds;Hummingbirds,None,Sand;Loam,,"SF Plant Finder (DataSF, CC)"
Callistemon citrinus,Lemon Bottlebrush,Myrtaceae,Tree (evergreen),Exotic,Red,Spring;Summer,"Grows low, and wide canopy and needs a wide sidewalk, sticky flowers.",Pollinator,Birds;Hummingbirds;Butterflies;Bees,Low,,,"SF Plant Finder (DataSF, CC)"
Calycanthus occidentalis,Spice Bush,Calycanthaceae,Shrub (evergreen),CA Native,Burgundy,Summer,,Buds/greens,Birds;Insects,Low,Clay;Loam;Sand,Wetland;Woodland,"SF Plant Finder (DataSF, CC)"
Calystegia macrostegia,California Morning Glory,Convolvulacea,Vine,CA Native,,Spring;Summer,,Cover;Nesting,,None,Loam;sand,Coastal scrub;Chaparral,"SF Plant Finder (DataSF, CC)"
Calystegia purpurata,morning glory,Convolvulaceae,Vine,SF Native,White;Ourple,Spring;Summer;Fall,,Cover;Nesting,,None,Sand,Coastal scrub;Chaparral,"SF Plant Finder (DataSF, CC)"
Carex buchananii,Leather leaf sedge,Cyperaceae,Shrub (evergreen),Exotic,Brown,Summer,,Pollinator,Butterflies,Moderate,,,"SF Plant Finder (DataSF, CC)"
Carex texensis,Catlin sedge,Cyperaceae,Shrub (evergreen),Exotic,Green,Summer,,,,Low,,,"SF Plant Finder (DataSF, CC)"
Carissa macrocarpa,Natal Plum,Apocynaceae,Shrub (evergreen),Exotic,White,,,,,Low,,,"SF Plant Finder (DataSF, CC)"
Carpenteria californica,Bush Anemone,Hydrangeaceae,Shrub (evergreen),CA Native,White,Summer,CNPS Rare Plant; State listed as Threatened,Pollinator;Cover,Bees:Birds;Butterflies;insects,Moderate,Loam;Sand,,"SF Plant Finder (DataSF, CC)"
Cassia leptophylla,Gold Medallion Tree,Caesalpiniaceae (~Fabales),Tree (evergreen),Exotic,Yellow,Summer,Semi-evergreen; requires extensive early maintenance.,Cover;Nesting,,Low,Loam;Sand,,"SF Plant Finder (DataSF, CC)"
Ceanothus gloriosus,Point Reyes Ceanothus,Rhamnaceae,Shrub (evergreen),CA Native,Blue;Purple,Spring;Winter,,Pollinator,Humminbirds;Bees;Butterflies;Bees,None,Clay;Loam;Sand,Chaparral;Coastal scrub;Woodland,"SF Plant Finder (DataSF, CC)"
Ceanothus griseus horizontalis,Carmel creeper,Rhamnaceae,Shrub (evergreen),CA Native,Blue,Spring;Winter,,Pollinator,Butterflies;Bees;Hummingbirds,None,Sand;Loam,,"SF Plant Finder (DataSF, CC)"
Ceanothus 'Ray Hartman',Ray Hartman Ceanothus,Rhamnaceae,Tree (evergreen),CA Native,Blue,Spring,Pollinators.,,Birds;Hummingbirds;Butterflies,None,Sand;Loam,,"SF Plant Finder (DataSF, CC)"
Ceanothus spp.,California Lilac,Rhamnaceae,Shrub (evergreen),CA Native,,,,Pollinator,Birds;Bees,Low,,,"SF Plant Finder (DataSF, CC)"
Ceanothus thyrsiflorus,California Lilac / Blueblossom,Rhamnaceae,Shrub (evergreen),SF Native,Blue,Spring,"Fragrant flowers. Attracts Cedar Waxwing bird and Echo Blue (Celestrina ladon echo), California Tortoiseshell (Nymphalis californica) butterflies.",Cover;Buds/greens;Pollinator,Bees;Birds;Butterflies;Hummingbirds;Insects,None,Clay;Loam,Chaparral;Coastal scrub;Woodland,"SF Plant Finder (DataSF, CC)"
Ceanothus thyrsiflorus repens,Low Blue Blossom,Rhamnaceae,Shrub (evergreen),CA Native,Blue,,,Pollinator,Butterflies;Bees;Hummingbirds,None,Clay;loam;Sand,,"SF Plant Finder (DataSF, CC)"
Cephalanthus occidentalis,buttonbush,Rubiaceae,Shrub (deciduous),CA Native,White,Fall,,Pollinator;Cover;Nesting,Bees,Moderate,Loam,,"SF Plant Finder (DataSF, CC)"
Cercis occidentalis,Redbud,Fabaceae,Tree (deciduous),CA Native,Pink,Spring,,Pollinator,Bees;Birds;Hummingbirds,None,Clay;Loam;Sand;Rock,Chaparral;Woodland,"SF Plant Finder (DataSF, CC)"
Cercocarpus betuloides,Mountain mahogany,Rosaceae,Shrub (evergreen),CA Native,Yellow,Spring,,Cover,"Bees,Butterflies;Hummingbirds",None,Loam;Sand;Clay,Chaparral;Woodland,"SF Plant Finder (DataSF, CC)"
Cistus salvifolius 'Prostratus',Sageleaf Rockrose,Cistaceae,Shrub (evergreen),Exotic,White,Spring,,,,Low,Sand;Loam,,"SF Plant Finder (DataSF, CC)"
Cistus spp.,rockrose,Cistaceae,Shrub (evergreen),Exotic,white;pink;purple,Spring;Summer,,Pollinator,Birds,Low,Loam;Sand,,"SF Plant Finder (DataSF, CC)"
Cistus 'Sunset',Magenta rockrose,Cistaceae,Shrub (evergreen),Exotic,Magenta,Spring;Summer,,,,Low,,,"SF Plant Finder (DataSF, CC)"
Cistus x skanbergii,Pink rockrose,Cistaceae,Shrub (evergreen),Exotic,Pink,Spring,,,,Low,Sand;Loam,,"SF Plant Finder (DataSF, CC)"
Clematis armandii,Evergreen Clematis,Ranunculaceae,Vine,Exotic,White,Spring;Winter,,Pollinator;Cover;Nesting,Birds;bees;butterflies,Low,,,"SF Plant Finder (DataSF, CC)"
Clematis lasiantha,Pipestems; Chaparral clematis,Ranunculaceae,Vine,CA Native,White,Spring,,Cover,Birds;Butterflies,Low,Clay;Loam,Riparian;Woodland,"SF Plant Finder (DataSF, CC)"
Clematis spp.,Clematis,Ranunculaceae,Vine,Exotic,,,,Pollinator;Cover;Nesting,Birds,Low,,,"SF Plant Finder (DataSF, CC)"
Convolvulus cneorum,Bush morninglory,Convolvulacea,Shrub (evergreen),Exotic,White,Spring;Summer;Fall,,,,Low,Sand;Loam,,"SF Plant Finder (DataSF, CC)"
Coprosma petriei  'Verde Vista',Creeping coprosma,Rubiaceae,Shrub (evergreen),Exotic,,,,,,None,,,"SF Plant Finder (DataSF, CC)"
Cornus sericea,American Dogwood,Cornaceae,Shrub (deciduous),SF Native,White,Spring;Summer,Attracts Sprin Azure / Echo Blue (Celastrina ladon echo) butterfly.,Buds/greens;Cover;Pollinator,Bees;Birds;Butterflies;Insects,Moderate,Clay;Loam;Sand;Rock,Wetland;Riparian,"SF Plant Finder (DataSF, CC)"
Cornus sericea ssp. occidentalis,California Dogwood,Cornaceae,Shrub (deciduous),SF Native,White,Summer,Attracts Cedar Waxwing bird.,Buds/greens,Birds;Insects,Moderate,Clay;Loam;Sand;Rock,Wetland;Riparian,"SF Plant Finder (DataSF, CC)"
Correa 'Dusky Bells',Australian fuschia,Rutaceae,Shrub (evergreen),Exotic,Pink;Red,Spring,,,Hummingbirds,Low,Sand;Loam,,"SF Plant Finder (DataSF, CC)"
Correa 'Ivory Bells',Australian fuschia,Rutaceae,Shrub (evergreen),Exotic,White,Spring,,,Hummingbirds,Low,Sand;Loam,,"SF Plant Finder (DataSF, CC)"
Correa spp.,Australian Fuchsia,Rutaceae,Shrub (evergreen),Exotic,,,,Pollinator,Birds;Bees,Low,,,"SF Plant Finder (DataSF, CC)"
Corylus cornuta,California Hazelnut,Betulaceae,Tree (deciduous),SF Native,Red,Winter,,Fruit,Birds,Low,Clay;Loam;Sand,Coastal scrub;Woodland;Riparian,"SF Plant Finder (DataSF, CC)"
Corymbia ficifolia,Red Flowering Gum,Myrtaceae,Tree (evergreen),Exotic,Red,Summer,"Needs a very large basin, wide sidewalk, pollinators.",,Bees;Birds;Butterflies,Low,,,"SF Plant Finder (DataSF, CC)"
Corymbia maculata,Spotted Gum,Myrtaceae,Tree (evergreen),Exotic,White,,"Experimental, should do well in climate; lots of mature trees doing well now.",,,Low,Clay;Loam;Sand,,"SF Plant Finder (DataSF, CC)"
Cotinus spp.,Smoke Bush,Anacardiaceae,Shrub (evergreen),Exotic,,,,Cover;Nesting,,Low,,,"SF Plant Finder (DataSF, CC)"
Cotoneaster dammeri 'LowFast',Bearberry Cotoneaster,Rosaceae,Shrub (evergreen),Exotic,White,Spring,,Pollinator,,Low,,,"SF Plant Finder (DataSF, CC)"
Crataegus phaenopyrum,Washington Hawthorn,Rosaceae,Tree (deciduous),Exotic,White,Spring,Subject to pests; has thorns; may be susceptible to fire blight; pollinators.,,Birds;Butterflies;Bees,Low,,,"SF Plant Finder (DataSF, CC)"
Crataegus x Lavallei,Lavalle hawthorn,Rosaceae,Tree (deciduous),Exotic,White,,"Appears to be less susceptible to fire blight
and other pests compared to other
Crataegus; pollinators.",,,Low,,,"SF Plant Finder (DataSF, CC)"
Daphne odora,Winter Daphne,Thymelaeaceae,Shrub (evergreen),Exotic,Pink,,All parts of this species are toxic and may be fatal if ingested.,,,Low,,,"SF Plant Finder (DataSF, CC)"
Delosperma cooperi,Cooper's Ice Plant,Aizoaceae,Shrub (evergreen),Exotic,Magenta,Summer;Fall,,Cover,,Low,Sand,,"SF Plant Finder (DataSF, CC)"
Distictis buccinatoria,Blood Red Trumpet Vine,Bignoniaceae,Vine,Exotic,Red,Summer,,Cover;Nesting,Hummingbirds,,,,"SF Plant Finder (DataSF, CC)"
Dodonaea viscosa,Hopseed Bush,Sapindaceae,Shrub (evergreen),Exotic,,,,Cover;Nesting,,Low,,,"SF Plant Finder (DataSF, CC)"
Encelia californica,Bush Sunflower,Asteraceae,Shrub (evergreen),CA Native,Yellow,Spring;Summer;Winter,Sunflower-like flowers. Attracts Red-Winged Blackbird.,Pollinator,Bees;Birds;Butterflies,Low,Clay,Chaparral,"SF Plant Finder (DataSF, CC)"
Ericameria ericoides,Mock Heather,Asteraceae,Shrub (evergreen),SF Native,Yellow,Fall,"Needs dunes and shifting sand, most likely by ocean beach.",Cover,No data,None,Sand,Dunes,"SF Plant Finder (DataSF, CC)"
Eriobotrya deflexa,Bronze Loquat,Asteraceae,Tree (evergreen),Exotic,White,Spring,Needs wind protection. Does not perform well in sandy soils. Dusceptible to fire blight. Pollinators.,,Birds;Butterflies,Low,,,"SF Plant Finder (DataSF, CC)"
Eriodictyon californicum,"California yerba santa,  Yerba santa",Boraginaceae,Shrub (evergreen),CA Native,White;Purple,Summer,,Pollinator;Cover;Nesting,Bees,None,Loam;Sand,Chaparral;Foothill Woodland;Yellow Pine Forest;Northern Oak Woodland;Mixed Evergreen Forest;Redwood Forest,"SF Plant Finder (DataSF, CC)"
Eriogonum fasciculatum,California Buckwheat,Polygonaceae,Shrub (evergreen),CA Native,Pink;White,Spring;Summer;Fall,,Pollinator,"Butterflies;Bees,Birds",None,Clay;Loam;Sand,Coastal scrub;Grassland;Woodland,"SF Plant Finder (DataSF, CC)"
Eriogonum giganteum,California Buckwheat;St. Catherine's Lace?,Polygonaceae,Shrub (evergreen),CA Native,White;Red,Spring;Summer,,Pollinator,Butterflies; Bees,None,Clay;Loam;Sand,Chaparral;Coastal scrub,"SF Plant Finder (DataSF, CC)"
Escallonia 'Compakta',,Escalloniaceae,Shrub (evergreen),Exotic,Pink;Red,Spring;Fall,,,Bees,Low,,,"SF Plant Finder (DataSF, CC)"
Frangula californica,California Coffeeberry,Rhamnaceae,Shrub (evergreen),SF Native,Burgundy,Summer,Attracts Pale Tiger Swallowtail (Papilio eurymedon) and White-Crowned Sparrow.,Cover;Buds/greens;Fruit;Pollinator,Bees;Birds;Butterflies;Insects,None,Clay;Loam;Sand;Rock,Coastal scrub;Woodland,"SF Plant Finder (DataSF, CC)"
Fraxinus latifolia,Oregon Ash,Oleaceae,Tree (deciduous),CA Native,Green,Spring,Attracts Pale Swallowtail (Papilio eurymedon) and Western Tiger Swallowtail (Papilio rutulus).,Fruit;Nesting,Birds;Butterflies,Low,Clay;Loam;Sand,Riparian;Woodland,"SF Plant Finder (DataSF, CC)"
Fremontodendron 'California Glory',Flannel Bush,Malvaceae,Shrub (evergreen),CA Native,Yellow,Spring,,Cover;Buds/greens;Pollinator,Bees;Butterflies;Insects,None,Clay;Loam;Sand,Chaparral;Woodland,"SF Plant Finder (DataSF, CC)"
Fuchsia procumbens,Prostrate fuschia,Onagraceae,Shrub (evergreen),Exotic,Purple;Green;Yellow,Summer;Fall,,Pollinator,,,,,"SF Plant Finder (DataSF, CC)"
Garrya elliptica,Silk Tassel,Garryaceae,Shrub (evergreen),SF Native,White,Winter,"Beautiful plant that gets large, is wind pollinated, and could be trained into a single stem tree.",Fruit;Cover,Bees;Birds,Low,clay;loam,Coastal scrub;Woodland,"SF Plant Finder (DataSF, CC)"
Gaultheria shallon,Salal,Ericaceae,Shrub (evergreen),SF Native,White;Pink,Spring,,Fruit,Birds;Butterflies,Low,Clay;Loam,Wetland;Coastal scrub;Woodland,"SF Plant Finder (DataSF, CC)"
Ginkgo biloba,Maidenhair;Ginkgo Tree,Ginkgoaceae,Tree (deciduous),Exotic,,Spring,"Slow grower. 'Princeton Sentry', 'Saratoga' another variety.",,,Low,Clay;Loam;Sand,,"SF Plant Finder (DataSF, CC)"
Grevillea lanigera 'Coastal Gem',,Proteaceae,Shrub (evergreen),Exotic,Pink;White,Spring;Summer;Fall;Winter,,Pollinator,Birds,Low,Sand;Loam,,"SF Plant Finder (DataSF, CC)"
Grevillea 'Magic Lantern',,Proteaceae,Shrub (evergreen),Exotic,Red,Spring;Fall,,,,Low,Sand,,"SF Plant Finder (DataSF, CC)"
Grevillea spp.,Grevillea,Proteaceae,Shrub (evergreen),Exotic,,,,Pollinator,Birds;Bees,Low,,,"SF Plant Finder (DataSF, CC)"
Hardenbergia violacea,Lilac Vine,Fabaceae,Vine,Exotic,Purple,Spring;Winter,,Cover;Nesting,Bees,Low,,,"SF Plant Finder (DataSF, CC)"
Hebe spp.,Hebe,Scrophulariaceae,Shrub (evergreen),Exotic,Red,,,Pollinator,Birds;Bees,Low,,,"SF Plant Finder (DataSF, CC)"
Helianthemum 'Apricot',Apricot Sunrose,Cistaceae,Shrub (evergreen),Exotic,Orange,Spring,,,,Low,,,"SF Plant Finder (DataSF, CC)"
Helianthemum 'Belgravia Rose',,Cistaceae,Shrub (evergreen),Exotic,Purple;pink,Spring,,,,Low,,,"SF Plant Finder (DataSF, CC)"
Helianthemum nummularium,Sunrose,Cistaceae,Shrub (evergreen),Exotic,Yellow,,,Pollinator,Birds;Bees,Low,,,"SF Plant Finder (DataSF, CC)"
Heteromeles arbutifolia,Toyon,Rosaceae,Tree (evergreen),SF Native,White,Summer,"White flowers in summer, red berries in winter. Attracts Cedar Waxwing, Robins, and Purple Finches.",Cover;Buds/greens;Fruit;Pollinator,Bees;Birds;Butterflies;Hummingbirds;Insects,None,Clay;Loam;Sand;Rock,Chaparral;Coastal scrub;Woodland,"SF Plant Finder (DataSF, CC)"
Holodiscus discolor,Cream Bush,Rosaceae,Shrub (deciduous),SF Native,White,Spring;Summer,"Attracts Spring Azure, Pale Swallowtail, and Lorquin’s Admiral butterflies.",Buds/greens;Cover;Pollinator,Bees;Birds;Butterflies,Low,Clay;Loam,Woodland;Coastal scrub,"SF Plant Finder (DataSF, CC)"
Hymenosporum flavum,Sweetshade,Pittosporaceae,Tree (evergreen),Exotic,Yellow,Summer,"Uneven performer, prefers heat, wind protection, good drainage, pollinators.",,,Low,,,"SF Plant Finder (DataSF, CC)"
Ilex vomitoria,Yaupon,Aquifoliaceae,Shrub (evergreen),Exotic,White,Spring,,Pollinator;Cover;Nesting,Birds; Butterflies,Low,Clay;Sand;Loam,,"SF Plant Finder (DataSF, CC)"
Jacaranda mimosifolia,Jacaranda,Bignoniaceae,Tree (deciduous),Exotic,"Blue,Lavender",Spring;Summer,"Uneven performer, prefers heat, wind protection, good drainage.",,,Low,,,"SF Plant Finder (DataSF, CC)"
Jasminum polyanthum,Pink Jasmine,Oleaceae,Vine,Exotic,White,Spring;Winter,,,,Low,,,"SF Plant Finder (DataSF, CC)"
Juglans hindsii,California black walnut,Juglandaceae,Tree (deciduous),CA Native,,Spring,,Cover;Nesting,Birds,Low,Clay;Loam,Riparian;Woodland,"SF Plant Finder (DataSF, CC)"
Koelreuteria bipinnata,Chinese Flame Tree,Sapindaceae,Tree (deciduous),Exotic,Yellow,,Structural failure concerns.,,,Moderate,Clay;Loam;Sand,,"SF Plant Finder (DataSF, CC)"
Lagunaria patersonii,Primrose Tree,Malvaceae,Tree (evergreen),Exotic,Pink,Spring;Summer,Does well in windy areas. Pollinators.,,,Low,Clay;Loam;Sand,,"SF Plant Finder (DataSF, CC)"
Lampranthus spectabilis,Trailing Ice Plant,Aizoaceae,Shrub (evergreen),Exotic,Magenta;Pink;Purple,Spring;summer,,,,Low,,,"SF Plant Finder (DataSF, CC)"
Lantana montevidensis,Trailing Lantana,Verbenaceae (Vervains),Shrub (evergreen),Exotic,Purple,Spring;Summer;Fall;Winter,,Pollinator,Birds;Bees;Butterflies,Low,,,"SF Plant Finder (DataSF, CC)"
Larrea tridentata,Creosote Bush,Zygophyllaceae,Shrub (evergreen),CA Native,Yellow,Spring;Summer;Fall;Winter,,,,None,Many,,"SF Plant Finder (DataSF, CC)"
Lathyrus vestitus,Wild Pea,Fabaceae,Vine,SF Native,Magenta;Purple,Spring,Climbing,Pollinator,Birds;Hummingbirds;Butterflies,Low,Clay;loam,Chaparral;Woodland;Coastal scrub,"SF Plant Finder (DataSF, CC)"
Laurus nobilis 'Saratoga',Saratoga' Bay Laurel,Lauraceae,Tree (evergreen),Exotic,Yellow,Spring,"Uneven performer, prefers heat, wind protection, gets pests.",,,Low,,,"SF Plant Finder (DataSF, CC)"
Lavandula angustifolia 'Hidcote Superior',English Lavender,Lamiaceae,Shrub (evergreen),Exotic,Indigo,Summer;Fall,,Pollinator,Butterflies;Bees;Hummingbirds,None,Sand;Loam,,"SF Plant Finder (DataSF, CC)"
Lavandula dentata var. candicans,French Lavender,Lamiaceae,Shrub (evergreen),Exotic,Purple,Spring;Summer;Fall;Winter,,Pollinator,Butterflies;Bees;Hummingbirds,None,Sand;Loam,,"SF Plant Finder (DataSF, CC)"
Lavandula 'Goodwin Creek Grey',Goodwin Creek Lavender,Lamiaceae,Shrub (evergreen),Exotic,Purple,Spring;Summer;Fall;Winter,,Pollinator,Butterflies;Bees;Hummingbirds,None,Sand;Loam,,"SF Plant Finder (DataSF, CC)"
Lavandula multifida,Fern Leaf Lavender,Lamiaceae,Shrub (evergreen),Exotic,Indigo,Summer;Fall,,Pollinator,Butterflies;Bees;Hummingbirds,None,Sand;Loam,,"SF Plant Finder (DataSF, CC)"
Lavandula spp.,Lavender,Lamiaceae,Shrub (evergreen),Exotic,Purple,Spring;Summer;Fall;Winter,"Relatively short-lived, it will become leggy if not pruned after flowering.",Pollinator;Cover,Bees;Birds;Butterflies;Hummingbirds,None,Clay;Loam,,"SF Plant Finder (DataSF, CC)"
Lavandula stoechas 'Alba',Spanish White Lavender,Lamiaceae,Shrub (evergreen),Exotic,White,Spring;Fall,,Pollinator,Butterflies;Bees;Hummingbirds,None,Sand;Loam,,"SF Plant Finder (DataSF, CC)"
Lavandula stoechas 'Willow Vale',Spanish Lavender,Lamiaceae,Shrub (evergreen),Exotic,Purple,spring;summer,,Pollinator,Butterflies;Bees;Hummingbirds,None,Sand;Loam,,"SF Plant Finder (DataSF, CC)"
Lavandula x. intermedia 'Grosso',Purple Lavander,Lamiaceae,Shrub (evergreen),Exotic,Indigo,Summer;Fall,,Pollinator,Butterflies;Bees;Hummingbirds,None,Clay;Loam;Sand,,"SF Plant Finder (DataSF, CC)"
Lavatera  assurgentiflora,Tree Mallow,Malvaceae,Shrub (evergreen),CA Native,Red,Spring;Summer;Fall,,Pollinator;Cover;Nesting,Birds;Butterflies,None,Sand;Loam,Coastal scrub,"SF Plant Finder (DataSF, CC)"
Leonotis leonurus,Lion's Tail,Lamiaceae,Shrub (evergreen),Exotic,Orange,Spring;Summer;Fall;Winter,,Pollinator;Cover;Nesting,Birds;Bees,Low,,,"SF Plant Finder (DataSF, CC)"
Lepechinia calycina,"White Pitcher Sage, Woodbalm, Pitcher Sage",Lamiaceae,Shrub (evergreen),SF Native,White,Spring;Summer,,Cover;Nesting,,None,Loam;Sand,"Woodland,Chaparral","SF Plant Finder (DataSF, CC)"
Leucadendron hybrids,Leucadendron,Proteaceae,Shrub (evergreen),Exotic,Burgundy,Spring;Summer;Winter,,Cover;Nesting,,Low,,,"SF Plant Finder (DataSF, CC)"
Leucadendron Salignum,Common Sunshine Conebush,Proteaceae,Shrub (evergreen),Exotic,Red,Winter,,,,None,Sand;Loam,,"SF Plant Finder (DataSF, CC)"
Leucophyllum spp.,Texas Ranger,Scrophulariaceae,Shrub (evergreen),Exotic,Purple,Summer;Fall,,Pollinator,Birds;Bees,Low,,,"SF Plant Finder (DataSF, CC)"
Leucospermum spp.,Pincushion Plant,Proteaceae,Shrub (evergreen),Exotic,Red;Orange;Pink,Spring;Winter,,,,Low,,,"SF Plant Finder (DataSF, CC)"
Lonicera hispidula,California Honeysuckle,Caprifoliaceae,Vine,SF Native,Pink,Summer,Climbing,Fruit,Birds;Hummingbirds,Low,Clay;Loam,Coastal scrub;Woodland;Riparian,"SF Plant Finder (DataSF, CC)"
Lonicera involucrata,Twinberry Honeysuckle,Caprifoliaceae,Shrub (deciduous),SF Native,Yellow,Summer,"Not wind tolerant, but grows in many habitats. Attracts Cedar Waxwing and  Red Admiral.",Fruit;Pollinator;Cover,Bees;Birds;Butterflies;Hummingbirds,Low,Loam;Clay,Coastal scrub;Riparian;Wetland;Woodland,"SF Plant Finder (DataSF, CC)"
Lophostemon confertus,Brisbane Box,Myrtaceae,Tree (evergreen),Exotic,White,Spring;Summer,Fast grower.,,,Low,,,"SF Plant Finder (DataSF, CC)"
Lupinus arboreus,Yellow Bush Lupine,Fabaceae,Shrub (evergreen),SF Native,Yellow,Spring,"Only plant in western sandy areas.  Grows fast, then dies out fast.  Lupines should be planted as plants – unpredictable germination.",Pollinator,Bees;Butterflies;Hummingbirds,None,Clay;Loam;Sand;Rock,Coastal scrub;Grassland/prairie;Dunes,"SF Plant Finder (DataSF, CC)"
Lupinus argenteus,Silvery Lupine,Fabaceae,Shrub (evergreen),CA Native,Blue,Summer,,Pollinator,Birds;Bees;Butterflies,None,Loam;Sand,,"SF Plant Finder (DataSF, CC)"
Lupinus chamissonis,Silver Dune Lupine,Fabaceae,Shrub (evergreen),SF Native,Indigo,Spring,,Pollinator;Cover,Butterflies;Hummingbirds,None,Sand,Dunes,"SF Plant Finder (DataSF, CC)"
Lupinus spp.,Lupine,Fabaceae,Shrub (evergreen),CA Native,,,,Pollinator,Birds;Bees,None,,,"SF Plant Finder (DataSF, CC)"
Lyonothamnus floribundus ssp. asplenifolius,Catalina Ironwood,Rosaceae,Tree (evergreen),CA Native,White,Spring;Summer,"Prefers heat, wind protection prone to transplant shock; very susceptible to
phytophthora.",,,Low,Clay;Loam,,"SF Plant Finder (DataSF, CC)"
Macfadyena unguis-cati,Yellow Trumpet Vine,Bignoniaceae,Vine,Exotic,Yellow,Summer,,Cover;Nesting,,,,,"SF Plant Finder (DataSF, CC)"
Magnolia champaca,Champak;Golden Champaca,Magnoliaceae,Tree (evergreen),Exotic,Yellow,Spring;Summer,"Formerly Michelia champaca; needs wind protection, wide sidewalk, gets powdery mildew and very slow grower.",,,Low,,,"SF Plant Finder (DataSF, CC)"
Magnolia doltsopa,Sweet Michelia,Magnoliaceae,Tree (evergreen),Exotic,White,Spring,"Formerly Michelia doltsopa; uneven performer, grows very slowly, prefers heat, wind protection.",,,Low,,,"SF Plant Finder (DataSF, CC)"
Magnolia grandiflora 'Little Gem',Little Gem Magnolia,Magnoliaceae,Tree (evergreen),Exotic,White,Summer;Fall,,,Birds;Butterflies,Low,,,"SF Plant Finder (DataSF, CC)"
Magnolia grandiflora 'Majestic Beauty',Majestic Magnolia,Magnoliaceae,Tree (evergreen),Exotic,,,,,,Low,,,"SF Plant Finder (DataSF, CC)"
Mahonia repens,Creeping Mahonia,Berberidaceae,Shrub (evergreen),CA Native,Yellow,Spring;Summer,,Fruit,Birds;Butterflies,Low,Clay;Loam;Sand,Chaparral;Woodland,"SF Plant Finder (DataSF, CC)"
Malva assurgentiflora,"Malva Rosa, Island Mallow",Malvaceae,Shrub (evergreen),CA Native,Pink,Spring;Summer;Winter,Attracts Grey Hairstreak (Strymon melinus) and Painted Lady (Vanessa cardui) butterflies.,Buds/greens,Butterflies;Insects,Low,Clay;Loam;Sand,Coastal scrub,"SF Plant Finder (DataSF, CC)"
Malvastrum lateritium,Trailing mallow,Malvaceae,Shrub (evergreen),Exotic,Pink,Summer;Fall,,,,None,clay;loam,,"SF Plant Finder (DataSF, CC)"
Marah fabacea,Wild Cucumber/Manroot,Cucurbitales,Vine,SF Native,White,Spring,Attracts Scrub Jays.,Fruit,Birds,None,Clay;Loam;Sand,Coastal scrub;Dunes;Woodland,"SF Plant Finder (DataSF, CC)"
Marah oregana,Coast Manroot,Cucurbitales,Vine,SF Native,White,Spring,Only one specimen in SF in John McLaren Park.,Fruit,Birds,Low,Clay;Loam;Sand,Woodland,"SF Plant Finder (DataSF, CC)"
Melaleuca linariifolia,Flax-leaf paperbark,Myrtaceae,Tree (evergreen),Exotic,White,,,,,Low,Clay;Loam;Sand,,"SF Plant Finder (DataSF, CC)"
Melaleuca quinquenervia,Broad-leaf paperbark,Myrtaceae,Tree (evergreen),Exotic,White,Summer;Fall,"Grows fast, dense, irregular form, prefers wind protection.",,,Low,Clay;Loam;Sand,,"SF Plant Finder (DataSF, CC)"
Melianthus major,Honey Bush,Melianthaceae,Shrub (evergreen),Exotic,Magenta,Spring;Winter,,Cover;Nesting,,Low,,,"SF Plant Finder (DataSF, CC)"
Metrosideros excelsa,New Zealand Christmas tree,Myrtaceae,Tree (evergreen),Exotic,Red,Spring;Summer;Fall;Winter,Endures wind well and is a common SF street tree; needs a very large basin and wide sidewalk.,Fruit;Pollinator,Bees;Birds;Butterflies;Insects,Low,Loam;Sand,,"SF Plant Finder (DataSF, CC)"
Mimulus aurantiacus,Sticky Monkeyflower,Phrymaceae,Shrub (evergreen),SF Native,Orange,Spring;Summer,"Plant in dry areas, endures wind well. Attracts Nutall's White-crowned Sparrow, Buckeye (Junonia coenia) and Variable Checkerspot (Euphydras chalcedona) butterflies, and Anna's Hummingbird.",Buds/greens;Pollinator,Bees;Birds;Butterflies;Hummingbirds;Insects,None,Clay;Loam;Sand;Rock,Coastal scrub;Woodland;Dunes,"SF Plant Finder (DataSF, CC)"
Morella californica,"California Wax Myrtle, Pacific Bayberry",Myricaceae,Tree (evergreen),SF Native,Yellow,Summer,Endures wind well. May grow as a single trunk standard tree.,Cover;Fruit;Pollinator;Nesting,Bees;Birds;Butterflies,Moderate,Clay;Loam;Sand,Coastal scrub;Riparian;Woodland;Wetland,"SF Plant Finder (DataSF, CC)"
Myoporum parvifolium,Myoporum,Myoporaceae,Shrub (evergreen),Exotic,White,summer,,,,None,Sand;Loam,,"SF Plant Finder (DataSF, CC)"
Myrtus communis,Common Myrtle,Myrtaceae,Shrub (evergreen),Exotic,White,Spring;Summer,,Pollinator;Fruit,Birds,None,Sand;Loam,,"SF Plant Finder (DataSF, CC)"
Myrtus communis compacta,Dwarf Myrtle,Myrtaceae,Shrub (evergreen),Exotic,White,Spring;summer,,Fruit;Pollinator,Birds,None,Sand;Loam,,"SF Plant Finder (DataSF, CC)"
Nandina domestica,Heavenly Bamboo,Berberidaceae,Shrub (evergreen),Exotic,Pink;White,Spring;Summer,,,,Low,,,"SF Plant Finder (DataSF, CC)"
Nolina bigelovii,Bear Grass,Ruscaceae,Shrub (evergreen),CA Native,,Summer,,,,None,Sand;Loam,,"SF Plant Finder (DataSF, CC)"
Oemleria cerasiformis,"Indian plum,  Oso berry",Rosaceae,Shrub (deciduous),SF Native,White,Spring;Summer,,Fruit;pollinator,,Low,Loam;Sand,Coastal scrub,"SF Plant Finder (DataSF, CC)"
Olea europaea,Fruitless Olive,Oleaceae,Tree (evergreen),Exotic,,Spring; Summer,,Cover;Nesting,Birds,Moderate,Clay;Loam;Sand,,"SF Plant Finder (DataSF, CC)"
Passiflora caerulea,Passion Vine,Passifloraceae,Vine,Exotic,White;Purple,Spring;summer,,Pollinator;Cover;Nesting,Butterflies,None,Sand;Loam,,"SF Plant Finder (DataSF, CC)"
Philadelphus lewisii,Native mock orange,Hydrangeaceae,Shrub (deciduous),CA Native,White,Spring;Summer,,Cover;Pollinator,Bees;Birds;Butterflies,Low,Clay;Loam,Woodland,"SF Plant Finder (DataSF, CC)"
Philotheca verrucosa 'Starbright',Fairy Wax Flower,Rutaceae,Shrub (evergreen),Exotic,Pink,Spring;Winter,,,,None,Clay;Loam;Sand;Rock,,"SF Plant Finder (DataSF, CC)"
Phlomis fruticosa,Jerusalem Sage,Lamiaceae,Shrub (evergreen),Exotic,Yellow,Spring;Summer,,,,Low,,,"SF Plant Finder (DataSF, CC)"
Phlomis lanata,Small Jerusalem Sage,Lamiaceae,Shrub (evergreen),Exotic,Yellow,Spring;Summer;Fall;Winter,,,,None,Clay;Sand;Loam,,"SF Plant Finder (DataSF, CC)"
Physocarpus capitatus,Pacific ninebark,Rosaceae,Shrub (deciduous),CA Native,White,Spring;Summer,,Cover,Birds,Low,Clay;Loam,Riparian;Woodland,"SF Plant Finder (DataSF, CC)"
Pinus contorta var. contorta,Shore Pine,Pinaceae,Tree (evergreen),CA Native,Brown,Spring,,,Bees;Butterflies,Moderate,Loam,Riparian,"SF Plant Finder (DataSF, CC)"
Pinus muricata,Bishop Pine,Pinaceae,Tree (evergreen),CA Native,Orange,Spring,,Buds/greens,Insects,Moderate,Loam,Woodland,"SF Plant Finder (DataSF, CC)"
Pistacia chinensis 'Keith Davey',Chinese Pistache,Anacardiaceae,Tree (deciduous),Exotic,,,"Prefers heat, wind protection.",,,Low,,,"SF Plant Finder (DataSF, CC)"
Platanus racemosa,California sycamore,Platanaceae,Tree (deciduous),CA Native,,Spring;Winter,,Pollinator;Cover;Nesting,butterflies;birds,Moderate,Clay;Loam;Sand,Riparian,"SF Plant Finder (DataSF, CC)"
Platanus racemosa 'Roberts',California Sycamore 'Roberts',Platanaceae,Tree (deciduous),CA Native,Red,Spring,"CA Native. Large basin and wide sidewalk; 3 lepidoptera confirmed, 8 likely, birds",Cover;Nesting;Pollinator,Birds;Butterflies,Moderate,Clay;Loam;Sand,Riparian;Wetland,"SF Plant Finder (DataSF, CC)"
Platanus x acerifolia 'Columbia',London Plane Tree,Platanaceae,Tree (deciduous),Exotic,,,"Prefers wind protection, Susceptible to anthracnose and powdery mildew.",,,Low,,,"SF Plant Finder (DataSF, CC)"
Polygala fruticosa ‘petite butterflies',Sweet Pea Shrub,Polygalaceae,Shrub (evergreen),Exotic,Purple,Spring;Summer;Fall;Winter,,,,Low,,,"SF Plant Finder (DataSF, CC)"
Populus fremontii,Fremont's Cottonwood,Salicaceae,Shrub (deciduous),CA Native,White,Spring,,Cover;Nesting,butterflies;birds;bees,Moderate,Loam;Sand,,"SF Plant Finder (DataSF, CC)"
Potentilla fruticosa,Shrubby Cinquefoil,Rosaceae,Shrub (evergreen),CA Native,Yellow,Summer;Fall,,Pollinator,Bees,None,Sand;Loam,,"SF Plant Finder (DataSF, CC)"
Prunus emarginata,Bitter cherry,Rosaceae,Tree (deciduous),SF Native,White,Spring,"Too cool of a climate to set fruit, but spreads vegetatively.  Get from SF sources. Attracts Lorquin's Admiral (Limenitis lorquini), Pale Swallowtail (Papilio eurymedon), Western Tiger Swallowtail (Papilio rutulus), Red Admiral (Vanessa atalanta).",Fruit;Pollinator,Bees;Birds;Butterflies;Insects,Low,Loam;Clay,Woodland;Coastal scrub;Chaparral,"SF Plant Finder (DataSF, CC)"
Prunus ilicifolia,Holly-leafed Cherry,Rosaceae,Tree (evergreen),SF Native,White,Spring;Winter,"Attracts Lorquin's Admiral (Limenitis lorquini), Pale Swallowtail (Papilio eurymedon), Western Tiger Swallowtail (Papilio rutulus), Cedar Waxwing, Western Tiger Swallowtail (Papilio rutulus), Anise Swallowtail (Papilio zelicaon).",Cover;Buds/greens;Fruit;Pollinator,Bees;Birds;Butterflies;Insects,None,clay;loam,Chaparral;Woodland,"SF Plant Finder (DataSF, CC)"
Prunus lyonii,Catalina Cherry,Rosaceae,Tree (evergreen),CA Native,White,Spring,,Cover;Nesting,,Low,,,"SF Plant Finder (DataSF, CC)"
Prunus virginiana var. demissa,Western Chokecherry,Rosaceae,Tree (deciduous),SF Native,White,Spring,"Attracts Lorquin's Admiral (Limenitis lorquini), Pale Swallowtail (Papilio eurymedon), Western Tiger Swallowtail (Papilio rutulus), Red Admiral (Vanessa atalanta).",Fruit,Bees;Birds;Butterflies,Low,Clay;Loam,Riparian;Wetland;Coastal scrub;Woodland,"SF Plant Finder (DataSF, CC)"
Pseudotsuga menziesii,Douglas Fir,Pinaceae,Tree (evergreen),CA Native,Red,Spring,Grow very large.,Nesting,Birds;Butterflies,Low,Clay;Loam;Sand;Rock,Woodland,"SF Plant Finder (DataSF, CC)"
Punica granatum 'nana',Dwarf Pomegranate,Lythraceae,Shrub (evergreen),Exotic,Orange;Red,Spring;Summer;Fall;Winter,,,,Low,,,"SF Plant Finder (DataSF, CC)"
Pyrus kawakamii,Evergreen Pear,Rosaceae,Tree (evergreen),Exotic,White,Spring,"Plant in only warmest areas of city, semi-evergreen, leaf spot/fungus likely to occur and may cause premature leaf drop, does not flower well in our climate, susceptible to fireblight.",,,Low,,,"SF Plant Finder (DataSF, CC)"
Quercus agrifolia,Coast Live Oak,Fagaceae,Tree (evergreen),SF Native,Yellow,Spring;Winter,"Recommended especially for large spaces. Attracts California Sister (Adelpha bredowii californica), Propertius Dusky-Wing (Erynnis propertius), Mournful Dusky-Wing (Erynnis tristis), Chestnut-Backed Chickadee, Scrub Jays",Nesting;Cover,Birds;Butterflies;Insects,None,Clay;Loam;Sand;Rock,Woodland,"SF Plant Finder (DataSF, CC)"
Quercus chrysolepis,Canyon Live Oak,Fagaceae,Tree (evergreen),SF Native,Yellow,Spring,"Attracts California Sister (Adelpha bredowii californica), Propertius Dusky-Wing (Erynnis propertius), Mournful Dusky-Wing (Erynnis tristis).",Nesting;Cover,Birds;Butterflies;Insects,None,Clay;Loam,Woodland,"SF Plant Finder (DataSF, CC)"
Quercus engelmannii,Engelmann Oak,Fagaceae,Tree (deciduous),CA Native,Green;Yellow,Spring,CA Native (extreme south),Cover;Fruit,Birds;Squirrels,Low,Clay;Loam;Sand,"Chaparral, Foothill Woodland, Southern Oak Woodland, Valley Grassland (Calscape, 2025)","SF Plant Finder (DataSF, CC)"
Quercus lobata,Valley oak,Fagaceae,Tree (deciduous),CA Native,,Spring;Winter,,Cover,Hummingbirds;Butterflies,Low,Clay;Loam,Riparian;Woodland,"SF Plant Finder (DataSF, CC)"
Quercus suber,Cork Oak,Fagaceae,Tree (evergreen),Exotic,,,"Needs a large basin, wide sidewalk.",,,Low,,,"SF Plant Finder (DataSF, CC)"
Quercus tomentella,Island Oak,Fagaceae,Tree (evergreen),CA Native,,Spring;Summer,,Cover;Nesting,Birds;Pollinators,Low,Clay;Loam;Sand,Coastal scrub;Woodland,"SF Plant Finder (DataSF, CC)"
Quercus wislizeni,Interior Live Oak,Fagaceae,Tree (evergreen),CA Native,,Spring,Bay Area native,Nesting;Cover,Birds;Butterflies;Insects,None,Clay;Loam;Sand,,"SF Plant Finder (DataSF, CC)"
Quillaja saponaria,Chilean Soapbark,Rosaceae,Tree (evergreen),Exotic,White,Summer,Availability improving; thrives everywhere; pollinators.,Cover;Buds/greens;Nesting,Insects,Low,,,"SF Plant Finder (DataSF, CC)"
Rhagodia spinescens,Australian Thorny Saltbush,Chenopodiaceae,Shrub (evergreen),Exotic,,,,,,None,Sand;Loam,,"SF Plant Finder (DataSF, CC)"
Rhamnus crocea,Redberry,Rhamnaceae,Shrub (evergreen),SF Native,Yellow,Winter,,Fruit;Pollinator,Bees;Hummingbirds,Low,Clay;Rock,Chaparral;Coastal scrub;Woodland,"SF Plant Finder (DataSF, CC)"
Rhaphiolepis indica,Indian Hawthorne,Rosaceae,Shrub (evergreen),Exotic,White,Spring,,,,Low,,,"SF Plant Finder (DataSF, CC)"
Rhaphiolepis Indica 'Ballerina',Indian hawthorn,Rosaceae,Shrub (evergreen),Exotic,Pink,Spring;Fall,,Pollinator,Butterflies;Bees,None,Sand;Loam,,"SF Plant Finder (DataSF, CC)"
Rhus integrifolia,Lemonade Berry,Anacardiaceae,Shrub (evergreen),CA Native,White,Spring,,Pollinator;Cover;Nesting,Birds,None,Sand;Loam,Coastal scrub;Dunes;Chaparral,"SF Plant Finder (DataSF, CC)"
Ribes aureum,Golden Currant,Grossulariaceae,Shrub (deciduous),CA Native,Yellow,Spring,,Fruit;Pollinator,Birds;Hummingbirds;Butterflies;Bees,Low,Clay;Loam;Sand,Riparian;Woodland,"SF Plant Finder (DataSF, CC)"
Ribes malvaceum,chaparral currant,Grossulariaceae,Shrub (evergreen),SF Native,Pink,Spring;Winter,,Pollinator,Birds;Bees;Butterflies,None,Sand;Loam,Chaparral;Woodland,"SF Plant Finder (DataSF, CC)"
Ribes menziesii,Canyon gooseberry,Grossulariaceae,Shrub (deciduous),CA Native,White,Spring;Winter,,Cover;Pollinator,Hummingbirds;Bees;Butterflies,None,Clay;Loam,Chaparral;Woodland,"SF Plant Finder (DataSF, CC)"
Ribes sanguineum var. glutinosum,Pink Flowering Currant,Grossulariaceae,Shrub (deciduous),SF Native,Pink,Spring;Winter,,Fruit;Pollinator,Bees;Birds;Hummingbirds,None,Clay;Loam;Sand;Rock,Woodland;Coastal scrub;Dunes,"SF Plant Finder (DataSF, CC)"
Ribes speciosum,Fuchsia-flowered gooseberry,Grossulariaceae,Shrub (evergreen),CA Native,Red,Spring;Winter,,Fruit;Cover;Pollinator,Bees;Birds;Small mammals,None,Clay;Loam,Chaparral,"SF Plant Finder (DataSF, CC)"
Ribes spp.,Red flowering currant,Grossulariaceae,Shrub (evergreen),CA Native,Purple;Pink;White;Yellow;Red,,,Pollinator;Cover;Nesting,Birds,Low,,,"SF Plant Finder (DataSF, CC)"
Rosa banksiae,Lady Banks Rose,Rosaceae,Vine,Exotic,Yellow,Spring,,Pollinator;Cover;Nesting,Birds,Low,,,"SF Plant Finder (DataSF, CC)"
Rosa californica,California Wild Rose,Rosaceae,Shrub (deciduous),SF Native,Pink,Spring;Summer,,Fruit;Pollinator,Bees;Birds;Butterflies;Insects,Low,Clay;Loam;Sand,Coastal scrub;Chaparral;Grassland/prairie;Riparian;Wetland;Woodland,"SF Plant Finder (DataSF, CC)"
Rosa gymnocarpa,Wood Rose/Dwarf Rose,Rosaceae,Shrub (deciduous),SF Native,Pink,Spring,,Fruit;Pollinator,Bees;Birds;Butterflies;Insects,Low,Clay;Loam,Coastal scrub;Chaparral;Grassland/prairie;Woodland;Riparian,"SF Plant Finder (DataSF, CC)"
Rosmarinus officinalis,Rosemary,Lamiaceae,Shrub (evergreen),Exotic,Blue,Spring;Summer,Good ground cover,Pollinator,Bees;Butterflies,None,Clay;Loam,,"SF Plant Finder (DataSF, CC)"
Rubus pentalobus,Bramble,Rosaceae,Shrub (evergreen),Exotic,White,Summer,,Pollinator,,None,Sand;Loam,,"SF Plant Finder (DataSF, CC)"
Rubus ursinus,California Blackberry,Rosaceae,Shrub (deciduous),SF Native,White,Spring;Winter,With espalier can make attractive feature and good habitat. Attracts Nuttall's White-crowned Sparrow and Red Admiral (Vanessa atalanta).,Fruit;Pollinator;Cover,Bees;Birds;Butterflies;Hummingbirds;Insects,None,Clay;Loam;Sand,Chaparral;Grassland/prairie;Riparian;Wetland;Woodland;Coastal scrub;Dunes,"SF Plant Finder (DataSF, CC)"
Salix laevigata,Red willow,Salicaceae,Tree (deciduous),CA Native,,Spring,,Cover,Bees;Birds;Butterflies,Moderate,Clay;Loam,Riparian;Wetland,"SF Plant Finder (DataSF, CC)"
Salix lasiandra,Yellow Willow,Salicaceae,Tree (deciduous),SF Native,Yellow,Spring,Atrracts Mourning Cloak (Nymphalis antiopa) and Western Tiger Swallowtail (Papilio rutulus).,Cover;Buds/greens;Cover;Pollinator,Bees;Insects,Moderate,Clay;Loam;Sand,Riparian;Wetland;Woodland,"SF Plant Finder (DataSF, CC)"
Salix lasiolepis,Arroyo Willow,Salicaceae,Tree (deciduous),SF Native,Yellow,Spring;Winter,Atrracts Mourning Cloak (Nymphalis antiopa) and Western Tiger Swallowtail (Papilio rutulus).,Buds/greens;Pollinator,Bees;Birds;Butterflies;Insects,Low,Clay;Loam;Sand,Coastal scrub;Riparian;Wetland;Woodland,"SF Plant Finder (DataSF, CC)"
Salix lutea,Yellow Willow,Salicaceae,Shrub (deciduous),CA Native,Yellow,Spring,"Attracts Dreamy Duskywing (Erynnis icelus), Viceroy (Limenitis archippus), Lorquin's Admiral (Limenitis lorquini), Weidemeyer's Admiral (Limenitis weidemeyerii), Mourning Cloak (Nymphalis antiopa), Western Tiger Swallowtail (Papilio rutulus).",Pollinator,Bees;Butterflies,Moderate,Clay;Loam;Sand,Wetland;Woodland,"SF Plant Finder (DataSF, CC)"
Salvia apiana,California White Sage,Lamiaceae,Shrub (evergreen),CA Native,White,Spring;Summer,,Pollinator,Bees;Birds;Butterflies,None,Clay;Loam;Sand,Chaparral;Coastal scrub,"SF Plant Finder (DataSF, CC)"
Salvia clevelandii,Cleveland Sage,Lamiaceae,Shrub (evergreen),CA Native,Blue;Purple,Spring;Summer,Very fragrant.,Pollinator;Cover,Bees;Butterflies;Hummingbirds,None,Clay;Sand,Chaparral,"SF Plant Finder (DataSF, CC)"
Salvia greggii 'Alba',Autumn Sage,Lamiaceae,Shrub (evergreen),Exotic,White,Summer;Fall,,Pollinator,Butterflies;Bees;Hummingbirds,None,Sand;Loam,,"SF Plant Finder (DataSF, CC)"
Salvia greggii 'Salmon',Salmon Texas Sage,Lamiaceae,Shrub (evergreen),Exotic,Pink,Spring;Fall,,Pollinator,Butterflies;Bees;Hummingbirds,None,Sand;Loam,,"SF Plant Finder (DataSF, CC)"
Salvia leucantha,"Mexican Bush Sage, Velvet Sage",Lamiaceae,Shrub (evergreen),Exotic,White;Purple,Summer;Fall,,Pollinator,Butterflies;Bees;Hummingbirds,None,Sand;Loam,,"SF Plant Finder (DataSF, CC)"
Salvia leucophylla,Coast Purple Sage,Lamiaceae,Shrub (evergreen),CA Native,Purple,Spring,,Pollinator;Cover,Bees;Butterflies;Hummingbirds,None,Clay;Loam;Sand;Rock,Coastal scrub;Chaparral,"SF Plant Finder (DataSF, CC)"
Salvia mellifera,Black sage,Lamiaceae,Shrub (evergreen),CA Native,White;Purple,Spring;Summer,Groundcover;Good for erosion control,Fruit;Pollinator,Hummingbirds;Butterflies;Birds,None,Clay;Sand,Coastal scrub;Chaparral,"SF Plant Finder (DataSF, CC)"
Sambucus nigra ssp. cerulea,Blue Elderberry,Adoxaceae,Tree (evergreen),SF Native,White,Spring;Summer,"Plant on the east side. Off-white flowers in spring, blue fruits in early summer. Attracts quail, thrashers, grosbeaks, woodpeckers, orioles, house finshes, and orange-crowned warblers.",Cover;Fruit;Pollinator;Nesting,Bees;Birds;Butterflies;Hummingbirds;Insects,Low,Clay;Loam;Sand,Coastal scrub;Riparian;Wetland,"SF Plant Finder (DataSF, CC)"
Sambucus racemosa,Red Elderberry,Adoxaceae,Shrub (deciduous),SF Native,White,Summer,Plant on the west side.,Fruit;Pollinator;Cover,Bees;Birds;Hummingbirds;Insects,Low,Loam;Clay,Coastal scrub;Riparian;Woodland,"SF Plant Finder (DataSF, CC)"
Santolina chamaecyparissus,Lavender Cotton,Asteraceae,Shrub (evergreen),Exotic,Yellow,Spring;Summer,,,,None,Sand;Loam,,"SF Plant Finder (DataSF, CC)"
Santolina rosmarinifolia,Green Santolina,Asteraceae,Shrub (evergreen),Exotic,Yellow,Spring,,,,None,Sand;Loam,,"SF Plant Finder (DataSF, CC)"
Santolina spp.,Santolina,Asteraceae,Shrub (evergreen),Exotic,Yellow,Summer,,,,Low,Clay;Loam;Sand,,"SF Plant Finder (DataSF, CC)"
Sarcococca hookeriana humilis,Sweet Sarcococca,Buxaceae,Shrub (evergreen),Exotic,White,Spring,,,,Low,,,"SF Plant Finder (DataSF, CC)"
Senecio spp.,Blue Chalk Stalks,Asteraceae,Shrub (evergreen),Exotic,,,,,,Low,,,"SF Plant Finder (DataSF, CC)"
Sequoia sempervirens,Redwood,Cupressaceae,Tree (evergreen),CA Native,Yellow,Summer;Fall,,Nesting,Birds;Butterflies,Moderate,Clay;Loam,Woodland,"SF Plant Finder (DataSF, CC)"
Solanum jasminoides,Potato Vine,Solanaceae,Vine,Exotic,White,Summer;Fall,,Cover;Nesting,,None,Sand;Loam;Clay,,"SF Plant Finder (DataSF, CC)"
Symphoricarpos albus,Common Snowberry,Caprifoliaceae,Shrub (deciduous),SF Native,Pink,Summer,"Attracts quail, pheasant, and grouse.",Cover;Fruit,Birds;Hummingbirds;Insects,Low,Clay;Loam;Sand;Rock,Woodland;Coastal scrub,"SF Plant Finder (DataSF, CC)"
Symphoricarpos mollis,Trailing Snowberry,Caprifoliaceae,Shrub (deciduous),SF Native,Pink,Spring;Summer,,Cover;Fruit;Pollinator;Nesting,Bees;Birds;Butterflies,Low,Clay;Loam;Sand,Woodland;Coastal scrub,"SF Plant Finder (DataSF, CC)"
Tecomaria capensis,Cape Honeysuckle,Bignoniaceae,Vine,Exotic,Orange;Red,Spring;Fall;Winter,,Pollinator;Cover;Nesting,Hummingbirds;butterflies,None,Sand;Loam,,"SF Plant Finder (DataSF, CC)"
Teucrium fruticans,Bush Germander,Lamiaceae,Shrub (evergreen),Exotic,Indigo,Summer;Fall,,Pollinator,Bees,Low,,,"SF Plant Finder (DataSF, CC)"
Trichostema lanatum,Woolly Blue Curls,Lamiaceae,Shrub (evergreen),CA Native,Indigo,Spring;Summer,,Pollinator,Birds;Bees,None,Sand;Loam,Chaparral,"SF Plant Finder (DataSF, CC)"
Tristaniopsis laurina,Water Gum,Myrtaceae,Tree (evergreen),Exotic,Yellow,Spring,Pollinators.,,,None,Clay;Loam;Sand,,"SF Plant Finder (DataSF, CC)"
Ulmus parvifolia 'Drake',Chinese Elm,Ulmaceae,Tree (deciduous),Exotic,,,"Fast grower, requires extensive pruning and maintenance.",,"Butterflies, Birds",Low,,,"SF Plant Finder (DataSF, CC)"
Umbellularia californica,California bay laurel,Lauraceae,Tree (evergreen),SF Native,Yellow,Spring,Attracts small mammals,Fruit;Cover,Birds,None,Clay;Loam,Chaparral;Woodland,"SF Plant Finder (DataSF, CC)"
Vaccinium ovatum,Huckleberry,Ericaceae,Shrub (evergreen),SF Native,White,Spring;Winter,,Fruit;Pollinator;Nesting,Bees;Birds;Butterflies,Low,Clay,Woodland;Coastal scrub,"SF Plant Finder (DataSF, CC)"
Vitex agnus-castus,Chaste Tree,Verbenaceae,Shrub (evergreen),Exotic,Purple,Spring;Summer,,Pollinator;Cover;Nesting,Birds,Low,,,"SF Plant Finder (DataSF, CC)"
Vitis californica,California Wild Grape,Vitaceae,Vine,CA Native,Red,Spring,Plant east of Twin Peaks – needs warmth. Attracts Cedar Waxwing and Western Fence Lizard.,Cover;Fruit,Bees;Birds;Butterflies;Insects,Low,Clay;Loam;Sand;Rock,Riparian;Woodland,"SF Plant Finder (DataSF, CC)"
Westringia fruticosa,Coast Rosemary,Lamiaceae,Shrub (evergreen),Exotic,White,Spring;Summer;Fall;Winter,,Cover;Nesting,,Low,,,"SF Plant Finder (DataSF, CC)"
Whipplea modesta,Western modesty,Hydrangeaceae,Vine,CA Native,White,Spring,,Pollinator,,Low,Sand;Loam,,"SF Plant Finder (DataSF, CC)"
Yucca spp.,Bright Star Yucca,Agavaceae,Shrub (evergreen),CA Native,Yellow;White,,,,,None,,,"SF Plant Finder (DataSF, CC)"
